Source,Target
52317,32581
52317,55903
52317,65425
64603,59779
64603,60557
64603,64017
64603,56159
64603,56675
64603,59243
64603,60375
64603,36615
64603,55415
64603,65351
64603,52341
64603,63613
64603,55795
64603,63167
64603,47147
64603,55627
64603,32727
64603,55577
64603,15091
64603,33205
64603,55879
64603,32519
64603,50781
64603,20471
64603,35755
64603,27207
64603,43597
64603,57667
64603,56053
64603,56631
64603,47439
64603,65217
64603,58153
64603,46831
64603,57643
64603,41979
64603,42795
64603,26687
64603,30277
64603,29065
64603,62375
64603,30355
64603,32607
64603,20823
64603,42155
64603,32789
64603,31307
64603,51739
64603,29257
64603,48683
64603,42545
64603,65257
64603,48263
64603,50047
64603,43081
64603,52927
64603,53213
64603,50937
64603,64473
64603,41037
64603,53025
64603,56315
64603,64059
64603,61551
64603,55793
64603,59379
64603,50247
64603,50201
64603,52375
64603,56051
64603,32313
64603,63461
64603,54565
64603,61257
64603,61803
64603,63405
64603,64139
64603,56605
64603,55511
64603,62349
64603,47673
64603,26587
64603,42829
64603,23151
64603,61883
64603,21723
64603,61025
64603,20827
64603,62379
64603,62741
64603,58855
64603,53697
64603,63577
64603,56941
64603,50793
64603,61193
64603,41945
64603,55419
64603,51815
64603,56401
64603,32203
64603,17623
64603,53031
64603,58919
64603,32625
64603,32489
64603,27163
64603,43029
64603,46039
64603,29531
64603,17633
64603,32679
64603,27183
64603,52359
64603,34333
64603,21681
64603,52317
64603,25941
64603,64907
64603,57153
64603,60213
64603,61781
64603,37023
64603,41695
64603,62705
64603,62685
64603,31977
64603,65175
64603,51675
64603,64595
64603,49705
64603,52263
64603,64793
64603,60379
64603,53259
64603,64567
64603,46019
64603,59853
64603,50713
64603,44095
64603,64721
64603,55369
64603,55579
64603,59417
64603,60525
64603,61217
64603,64225
64603,63819
64603,63593
64603,52083
64603,27035
64603,63839
64603,53631
64603,64597
64603,31697
64603,59313
64603,21059
64603,49771
64603,47437
64603,49365
64603,58549
64603,56759
64603,57537
64603,36621
64603,60657
64603,57085
64603,64387
64603,63809
64603,59665
64603,49249
64603,60083
64603,57485
64603,48627
64603,50887
64603,58965
64603,49343
64603,41911
64603,55815
64603,19969
64603,63165
64603,52707
64603,41305
64603,48615
64603,58187
64603,5005
64603,61387
64603,63303
64603,49453
64603,52243
64603,65037
64603,51037
64603,57777
64603,45571
64603,21929
64603,55161
64603,45463
64603,57627
64603,30439
64603,51105
64603,57899
64603,64493
64603,65313
64603,32477
64603,64781
64603,63615
64603,57857
64603,50941
64603,65401
64603,50071
64603,52653
64603,28607
64603,55233
64603,46051
64603,59679
64603,54215
64603,44117
64603,55371
64603,55601
64603,61717
64603,57253
64603,57475
64603,52957
64603,55705
64603,15627
64603,61207
64603,59939
64603,52751
64603,56389
64603,44329
64603,56147
64603,63401
64603,34385
64603,52191
64603,57429
64603,57347
63577,53165
57429,63577
57429,64597
44117,57759
64597,60557
64597,59779
64597,45493
64597,64017
64597,56105
64597,21691
64597,3671
64597,17663
64597,42287
64597,28751
64597,20421
64597,58047
64597,28963
64597,3673
64597,30623
64597,33303
64597,32257
64597,46865
64597,33617
64597,31337
64597,41011
64597,51987
64597,21863
64597,34815
64597,42241
64597,22157
64597,48101
64597,57551
64597,59113
64597,45443
64597,47145
64597,64189
64597,41779
64597,64245
64597,57683
64597,50483
64597,50541
64597,64479
64597,63847
64597,56785
64597,64037
64597,58847
64597,52461
64597,64669
64597,61543
64597,60375
64597,42085
64597,36597
64597,30439
64597,46001
64597,19569
64597,45437
64597,17639
64597,26111
64597,42125
64597,60965
64597,14213
64597,14521
64597,40447
64597,64035
64597,61227
64597,14433
64597,56929
64597,23219
64597,15103
64597,20969
64597,51073
64597,32437
64597,64419
64597,44419
64597,53023
64597,45527
64597,55955
64597,56149
64597,64385
64597,55735
64597,41685
64597,56519
64597,58557
64597,31663
64597,57629
64597,27865
64597,45995
64597,63167
64597,47147
64597,47713
64597,3675
64597,65359
64597,45503
64597,50797
64597,63373
64597,5021
64597,58669
64597,53165
64597,63543
64597,55609
64597,61207
64597,34287
64597,46299
64597,41689
64597,21933
64597,44341
64597,42203
64597,49417
64597,57857
64597,17591
64597,32649
64597,51083
64597,48105
64597,32727
64597,43621
64597,58719
64597,55627
64597,55577
64597,15091
64597,33205
64597,55879
64597,32519
64597,50781
64597,27207
64597,20471
64597,43597
64597,35755
64597,56053
64597,57667
64597,41691
64597,21059
64597,20243
64597,33161
64597,35047
64597,31697
64597,30983
64597,21727
64597,47331
64597,35983
64597,56147
64597,27039
64597,62105
64597,63303
64597,45571
64597,54117
64597,47661
64597,48627
64597,65353
64597,59401
64597,50437
64597,36575
64597,57643
64597,58153
64597,22151
64597,46831
64597,42795
64597,30223
64597,30277
64597,41979
64597,62375
64597,26687
64597,32607
64597,29065
64597,20823
64597,30355
64597,42155
64597,32789
64597,29257
64597,31307
64597,42545
64597,51739
64597,31901
64597,48683
64597,48263
64597,42415
64597,43081
64597,53213
64597,50047
64597,50937
64597,52927
64597,64473
64597,41037
64597,53025
64597,56315
64597,64059
64597,61551
64597,55793
64597,59379
64597,52375
64597,50247
64597,56051
64597,50201
64597,63461
64597,59287
64597,61257
64597,32313
64597,63405
64597,54565
64597,21923
64597,63547
64597,17621
64597,56675
64597,59875
64597,28541
64597,61803
64597,21929
64597,63591
64597,58731
64597,40833
64597,31139
64597,25841
64597,43155
64597,46051
64597,55897
64597,52481
64597,59679
64597,62349
64597,49355
64597,47673
64597,26587
64597,61883
64597,42829
64597,61025
64597,23151
64597,62379
64597,21723
64597,62741
64597,20827
64597,58855
64597,53697
64597,57615
64597,56353
64597,56941
64597,63577
64597,61143
64597,50793
64597,61193
64597,41945
64597,55419
64597,46093
64597,56401
64597,51815
64597,58965
64597,32203
64597,17623
64597,53031
64597,58919
64597,32625
64597,32489
64597,43029
64597,23099
64597,29531
64597,27163
64597,32679
64597,46039
64597,52359
64597,17633
64597,21681
64597,27183
64597,25941
64597,34333
64597,57153
64597,52317
64597,61781
64597,41695
64597,60213
64597,62705
64597,37023
64597,62685
64597,31977
64597,65175
64597,51675
64597,64595
64597,49705
64597,52263
64597,64567
64597,60379
64597,56159
64597,59853
64597,59243
64597,44095
64597,46019
64597,55369
64597,50713
64597,59417
64597,64721
64597,61217
64597,55579
64597,63819
64597,60525
64597,64225
64597,52751
64597,63593
64597,52083
64597,27035
64597,63839
64597,53631
64597,47439
64597,59313
64597,49771
64597,53259
64597,47437
64597,49365
64597,58549
64597,56759
64597,57537
64597,36621
64597,60657
64597,57085
64597,64387
64597,63809
64597,59665
64597,49249
64597,65217
64597,60083
64597,57485
64597,50887
64597,64907
64597,49343
64597,41911
64597,55815
64597,19969
64597,63165
64597,52707
64597,41305
64597,48615
64597,58187
64597,5005
64597,61387
64597,64793
64597,52341
64597,49453
64597,52243
64597,65037
64597,51037
64597,57777
64597,55161
64597,45463
64597,57627
64597,51105
64597,57899
64597,64493
64597,65313
64597,32477
64597,64781
64597,63615
64597,50941
64597,65401
64597,50071
64597,52653
64597,55795
64597,28607
64597,55233
64597,55511
64597,64139
64597,36615
64597,54215
64597,44117
64597,55371
64597,55601
64597,56605
64597,61717
64597,55415
64597,57253
64597,57475
64597,52957
64597,55705
64597,63613
64597,15627
64597,59939
64597,56631
64597,56389
64597,44329
64597,56557
64597,62443
64597,53897
64597,65439
64597,59011
64597,57789
64597,59353
64597,55901
64597,63911
64597,59419
64597,64149
64597,57535
64597,64285
64597,47013
64597,59673
64597,43899
64597,60089
64597,60421
64597,53797
64597,60575
64597,63759
64597,61521
64597,58727
64597,43201
64597,49993
64597,59999
64597,59389
64597,54929
64597,63899
64597,55943
64597,63701
64597,58265
64597,62123
64597,42869
64597,63807
64597,58401
64597,64533
64597,64685
64597,61013
64597,64569
64597,46297
64597,57641
64597,57471
64597,64185
64597,58093
64597,59133
64597,54543
64597,59125
64597,59013
64597,64947
64597,58015
64597,62525
64597,54109
64597,58917
64597,64325
64597,59109
64597,64981
64597,62121
64597,65149
64597,63401
64597,55315
64597,63295
64597,65101
64597,63805
64597,63409
64597,60733
64597,59203
64597,60157
64597,59511
64597,58895
64597,58707
64597,61923
64597,52715
64597,53219
64597,64765
64597,57759
64597,52943
64597,61103
64597,46987
64597,63571
64597,58109
64597,52713
64597,64965
64597,61305
64597,61701
64597,57137
64597,48235
64597,58803
64597,59599
64597,52307
64597,47059
64597,59019
64597,47403
64597,58781
64597,46855
64597,62119
64597,52535
64597,64931
64597,58657
64597,63411
64597,64257
64597,55995
64597,63703
64597,59239
64597,58127
64597,65125
64597,47555
64597,64125
64597,55337
64597,65167
64597,34773
64597,64575
64597,62039
64597,53795
64597,64985
64597,59471
64597,65261
64597,58403
64597,58111
64597,63981
64597,65123
64597,58777
64597,63323
64597,59803
64597,58605
64597,62077
64597,65317
64597,58975
64597,53967
64597,58839
64597,55235
64597,54389
64597,57401
64597,55133
64597,53787
64597,57347
64597,65051
64597,65213
64597,55903
64597,64833
64597,63283
64597,14427
64597,35487
64597,46073
64597,56251
64597,20407
64597,42485
64597,33943
64597,20077
64597,53079
64597,55143
64597,57115
64597,32581
64597,61595
64597,62341
64597,64407
64597,59493
64597,58521
64597,59567
64597,65445
64597,51421
64597,49827
64597,32929
64597,29131
64597,26275
64597,50197
64597,27009
64597,44975
64597,21779
64597,34385
64597,26831
64597,56589
64597,65095
64597,62515
64597,62519
64597,59813
64597,60167
64597,29253
64597,64729
64597,56591
64597,54411
64597,65425
64597,53571
64597,63249
64597,64283
64597,56237
64597,59457
64597,64815
64597,52789
52307,21727
52307,32519
52307,49705
52307,21723
52307,55577
52307,53213
52307,56401
52307,21923
52307,55415
52307,32489
52307,52341
52307,58919
52307,44419
52307,21929
52307,59875
52307,32727
52307,44341
52307,52927
52307,58965
52307,54389
52307,35755
52307,60089
52307,63759
52307,62525
52307,59803
52307,52715
52307,59203
52307,43899
52307,58187
52307,65175
52307,64035
52307,60379
52307,65425
52307,62077
63571,54109
63571,58093
63571,58109
63571,59599
63571,43201
63571,42869
63571,58781
63571,53795
63571,58265
63571,47403
63571,60157
63571,58127
64595,65261
64595,45527
64595,62443
64595,57535
64595,64771
64595,55627
64595,57777
64595,53797
64595,58685
64595,62705
56401,60575
61521,58093
61521,58707
59471,42545
59471,41037
59471,51083
59471,57667
59471,42287
59471,41233
59471,43029
59471,47403
59471,47437
59471,52083
59471,45493
59471,62515
59471,55955
59471,42155
59471,55369
59471,57485
59471,63543
59471,57537
59471,63323
59471,64387
59471,62525
59471,57641
59471,62705
59471,61701
59471,57471
59471,65125
59471,64185
59471,58719
59471,58727
59471,55579
59471,57903
59471,62039
59471,64721
59471,59313
55369,53797
50247,52375
56389,65425
62525,41233
62525,59203
62525,47331
63547,45493
63547,55133
63547,63981
64569,62039
64569,15091
64569,17633
64569,56315
64569,62375
64569,32625
64569,42415
64569,32477
64569,26111
64569,47147
64569,47145
64569,61543
64569,42545
64569,27039
64569,62349
64569,26587
64569,62685
64569,25841
64569,34287
64569,41945
64569,47277
64569,49353
64569,49355
64569,36615
64569,57667
64569,46093
64569,60375
64569,59379
64569,46019
64569,63591
64569,61025
64569,19569
64569,55233
64569,25941
64569,43029
64569,29257
64569,45571
64569,57643
64569,41233
64569,64059
64569,64139
64569,47403
64569,59511
64569,15103
64569,57085
64569,63809
64569,32679
64569,47439
64569,48683
64569,56675
64569,23151
64569,58731
64569,45503
64569,56353
64569,63547
64569,57627
64569,61781
64569,52751
64569,49365
64569,53165
64569,52707
64569,61551
64569,64133
64569,64765
64569,59401
64569,52375
64569,53025
64569,57153
64569,57615
64569,58919
64569,60657
64569,49249
64569,42155
64569,50781
64569,49705
64569,63819
64569,56159
64569,59417
64569,32489
64569,65317
64569,65051
64569,65359
64569,49771
64569,46865
64569,64595
64569,57485
64569,63543
64569,57537
64569,41979
64569,56401
64569,58187
64569,61883
64569,56941
64569,58965
64569,64125
64569,53795
64569,59353
64569,58093
64569,60525
64569,52927
64569,57629
64569,50201
64569,53697
64569,56605
64569,59853
64569,59471
64569,61217
64569,46051
64569,57641
64569,65175
64569,51675
64569,65101
64569,56147
64569,64245
64569,59803
64569,55879
64569,62443
64569,65167
64569,55901
64569,63577
64569,64907
64569,57535
64569,65217
64569,59243
64569,59109
64569,59013
64569,52317
64569,55995
64569,65213
64569,64793
64569,59133
64569,60965
64569,52263
64569,59313
64569,50713
64569,58727
64569,60379
64569,44095
64569,52341
64569,58549
64569,31697
64569,21923
64569,56759
64569,55315
64569,64981
64569,55133
64569,57759
64569,52481
64569,55369
64569,57551
57401,58111
57401,58015
57401,58917
57401,64685
57401,61013
57401,58839
57401,53897
57401,58093
57401,64257
57401,43201
57401,58895
57401,59125
57401,61103
57401,63571
57401,62119
57401,60157
62519,57615
62519,60525
62519,61883
64567,64569
64567,55369
64567,64595
64567,62039
62515,62379
62515,61781
47145,42829
47145,41233
47145,65353
52263,64595
58403,53897
58403,32477
58403,61103
58403,57537
58403,57641
58403,47013
58403,63571
58403,61923
58403,58895
56353,64325
56353,65425
58401,65425
58401,54411
59419,64575
59419,58719
59419,59353
48153,64597
48153,64595
57367,55955
57367,59599
57367,58605
57367,53797
57367,65261
57367,43201
57367,57759
57367,64257
57367,53897
57367,64597
57367,57347
57367,59803
57367,59541
57367,55995
57367,59511
57367,62123
57367,64533
57367,59419
57367,53967
57367,65051
57367,53571
57367,63409
57367,52713
57367,64985
57367,64575
57367,64981
57367,58127
64533,65167
64533,58403
64533,55943
55315,64765
55315,52707
55315,58605
55315,64863
55315,42155
55315,65425
59401,65425
59401,63899
60421,65445
60421,65425
57347,46855
57347,58839
57347,57759
57347,59133
57347,62443
57347,65317
57347,53897
57347,53797
57347,62123
57347,55235
57347,59239
57347,53967
57347,63981
57347,63411
57347,59803
57347,65261
57347,64765
57347,65051
34815,58111
59389,58685
59389,58917
59389,43899
59389,60157
59389,54109
59389,59353
59389,58127
59387,53219
59387,63981
59387,53631
59387,43905
59387,64597
59387,65351
59387,64781
56315,42203
56315,53023
56315,55369
56315,63373
59379,63577
59379,59243
59379,63981
59379,55133
59379,46051
59379,64059
64493,63577
64493,65425
64493,59379
64493,53165
63469,58015
63469,60083
63469,64597
62443,64985
62443,62341
62443,63571
62443,57537
62443,63703
62443,61923
62443,64965
62443,58403
62443,62379
48105,58719
48105,63295
48105,62077
48101,53697
48101,55315
48101,57137
63461,57485
53219,59803
53219,62039
53219,57759
46051,64493
46051,55793
64479,65051
64479,64493
64479,59243
64479,57629
64479,60733
64479,22157
64479,55995
64479,61143
64479,65217
52191,64597
53213,65175
26587,64189
60379,63981
60379,59803
60379,57759
60379,62525
60379,59471
60379,56353
60379,55233
60379,64017
60379,52341
60379,61227
60379,41911
59353,54109
59353,64685
59353,64257
59353,58093
59353,57401
59353,43201
59353,58111
59353,58839
59353,63401
59353,60157
59353,52715
59353,52713
64473,64793
64473,56353
64473,58549
41945,65425
34773,62119
47059,64965
47059,64603
47059,64575
61387,63165
61387,64863
61387,36621
61387,56389
54215,65313
54215,65425
62405,52263
62405,59779
62405,58727
62405,55955
62405,53219
62405,43899
62405,63401
62405,65439
62405,58521
62405,59203
62405,42869
62405,53797
62405,53571
62405,64985
62405,64685
62405,61013
62405,64575
62405,58127
62405,64533
62405,65051
62405,59133
62405,53897
62405,65213
62405,58109
62405,58975
62405,55133
62405,58093
62405,64981
62405,62443
62405,59419
62405,58605
62405,63981
62405,57759
62405,62525
62405,63805
62405,59471
62405,46297
62405,60089
62405,57475
62405,65167
62405,58731
62405,53787
62405,49343
62405,61305
62405,58839
62405,47437
62405,53631
62405,49365
62405,61193
62405,58549
62405,65037
62405,62119
62405,53259
62405,65359
62405,59999
62405,57485
62405,61103
62405,58401
62405,58187
62405,55903
62405,64125
62405,47277
62405,53967
62405,56401
62405,64865
62405,65095
62405,65101
62405,42795
62405,61387
62405,58719
62405,59013
62405,62141
62405,57471
62405,59567
62405,60083
62405,43905
62405,55235
62405,59673
62405,47059
62405,46987
62405,58965
62405,63571
62405,63409
62405,63911
62405,52535
62405,59599
62405,56591
62405,54929
62405,52943
62405,65317
62405,52307
62405,57537
62405,59511
62405,34287
62405,64965
62405,52715
62405,53795
62405,64257
62405,64765
62405,54389
62405,59125
62405,54109
62405,57535
62405,55995
62405,58917
62405,64597
62405,57401
62405,46855
62405,43201
62405,59803
62405,59353
62405,65425
55235,52713
55235,65213
55235,58605
55235,55995
55235,57401
55235,53795
55235,61103
55235,59803
55235,57759
55235,57535
55235,64985
55235,46855
55235,64533
55235,46987
55235,43899
55235,58839
55235,64685
55235,54389
55235,58111
55235,59019
55235,60089
55235,55133
55235,54109
55235,61013
55235,58965
55235,50713
55235,61521
55235,62443
55235,59013
55235,64965
55235,44727
55235,60379
55235,53967
55235,52943
55235,58657
55235,58093
55235,59353
55235,58109
55235,47013
55235,59599
55235,49993
55235,55315
55235,62141
55235,47933
55235,46297
55235,64257
55235,42869
55235,65149
55235,59133
55235,58917
55235,63981
55235,61923
55235,63571
55235,64765
55235,62119
55235,59389
55235,58781
55235,58127
55235,58803
55235,58403
55235,58895
55235,47673
55235,57789
55235,63401
55235,54929
55235,58975
55235,63759
55235,44117
55235,47555
55235,59239
55235,63703
55235,52461
55235,58707
55235,58265
55235,53897
55235,58015
55235,60733
55235,51421
55235,43201
55235,60157
55235,53797
55235,59125
56251,65037
41911,56353
41911,57537
63411,63303
63411,57789
63411,31697
63411,65051
63411,57485
63411,60575
63411,55371
63411,64721
63411,64325
63411,54929
63411,52751
63411,64981
63411,62077
63411,58657
63411,47059
63411,65095
63411,57759
63411,64907
63411,58549
63411,21923
63411,54411
63411,55943
63411,64387
63411,59511
63411,63981
63411,52713
63411,55315
63411,65213
63411,59109
63411,65317
63411,52943
63411,59803
63411,19969
59313,63809
59313,56389
59313,63165
59313,61387
59313,62119
63409,64533
44975,57759
44975,59803
44975,48263
44975,65213
44975,64833
56237,63981
56237,58919
56237,50541
56237,51037
53165,55627
53165,65257
63405,59417
62379,62519
63401,58403
63401,20407
63401,47673
63401,58015
63401,43029
63401,64407
63401,53631
63401,62341
63401,57615
63401,50201
63401,53697
63401,64575
63401,64965
63401,64017
63401,43899
63401,62443
63401,63819
63401,47013
63401,53797
63401,41685
63401,56591
63401,63703
63401,61923
63401,63571
50089,64385
50089,64597
50089,59853
50089,50047
47013,58975
47013,62443
47013,34773
57253,47147
57253,57475
57253,59133
57253,58605
57253,47437
57253,46855
57253,65425
57253,62705
65445,62077
65445,65095
65445,64017
65445,65351
65445,65011
65445,65253
64419,44341
51105,59679
51105,31697
51105,56631
51105,56759
51105,65425
65439,61193
58265,58015
64407,52943
59287,65317
65425,64595
65425,63401
65425,64567
65425,49771
65425,63981
63373,58965
63373,58187
63373,65149
63373,65401
63373,52191
63373,63571
63373,56605
46987,55943
46987,62525
46987,63571
46987,36597
46987,62119
46987,61923
46987,58803
46987,65425
62341,61143
14213,42085
64387,48615
64387,61701
64387,57535
64387,65351
64387,64863
64387,64385
64385,55815
64385,65317
43905,59313
43905,53897
43905,65317
43905,57789
43905,63981
43905,61103
43905,55133
43905,55235
43905,59803
43905,58093
43905,64597
43905,54929
43905,63411
43905,56591
43905,65125
51073,64595
50047,52317
50047,47145
50047,64865
50047,42829
50047,65353
50047,41233
50047,65445
50047,65425
64383,65317
64383,64385
64383,59853
64383,64603
64383,52317
64383,64533
64383,57367
64383,64597
64383,63411
64383,55995
64383,59011
64383,57347
64383,57551
64383,53787
65405,64603
65405,64597
43899,58111
43899,61103
43899,58839
43899,59353
43899,57401
43899,65101
43899,65425
65401,56557
65401,53165
65401,55897
65401,31307
65401,61543
65401,65051
65401,65317
65401,55161
65401,63409
65401,43899
65401,58605
65401,53571
65401,55133
65401,61305
65401,59803
65401,57759
65401,57253
65401,55315
65401,63981
65401,57535
65401,63249
65401,61143
65401,57615
65401,57485
65401,58127
65401,62141
65401,57153
65401,64595
65401,63401
65401,64781
65401,52263
65401,52317
65401,64815
65401,63577
65401,34287
65401,59113
65401,59471
65401,62039
65401,54929
65401,62443
65401,65149
65401,41945
65401,45463
65401,52927
61305,59419
61305,58895
61305,59353
61305,65213
55161,58975
55161,58549
55161,57789
55161,53967
55161,63401
55161,53797
55161,52943
55161,53795
55161,58403
55161,59203
55161,47437
55161,43029
55161,57641
55161,58265
55161,41233
55161,62525
55161,54109
55161,56251
55161,62077
55161,53631
55161,60157
55161,57485
55161,59353
55161,64685
55161,57537
55161,58657
55161,58895
55161,61013
55161,63409
42869,58777
42869,59353
42869,60157
42869,43899
42869,64685
42869,57401
42869,58781
42869,61103
42869,58093
52083,52707
52083,60657
52083,40833
52083,55795
52083,52751
59243,58727
59243,61551
59243,63577
59243,64493
59243,61217
59243,64419
55143,63469
59239,54543
59239,61521
59239,63701
59239,63703
59239,63805
59239,47933
59239,46039
59239,57789
59239,65149
59239,59401
59239,58803
59239,63807
59239,62141
59239,63571
59239,65425
59239,62121
54117,57471
54117,57085
54117,49993
56159,59599
56159,65425
56159,63373
54109,57401
54109,42869
54109,58839
54109,58521
54109,43899
55133,55903
55133,63249
55133,32607
55133,49365
55133,58605
55133,65175
55133,55995
55133,65425
55133,54929
55133,55315
51037,65257
63323,51037
63323,55235
63323,47277
53079,60167
53079,65425
56149,15627
56149,58127
56149,57903
56149,63981
33617,65425
65359,57903
65359,62077
42829,65353
58187,60379
58187,55579
58187,60657
65353,64569
63303,47555
63303,63703
63303,54543
63303,63701
63303,61521
63303,64907
63303,55161
63303,65425
65351,64569
65351,61305
65351,48627
65351,55943
65351,42545
65351,46855
65351,59133
65351,50887
65351,49343
65351,61521
65351,58109
65351,58803
65351,43029
65351,58839
65351,59999
65351,60089
65351,57627
65351,57759
65351,62141
65351,65439
65351,61103
65351,63703
65351,58605
65351,58111
65351,64185
65351,54929
65351,47403
65351,55995
65351,52307
65351,53797
65351,62525
65351,58781
65351,60157
65351,58127
65351,59353
65351,57641
65351,53967
65351,60575
65351,54389
65351,63411
65351,63571
65351,63401
65351,64597
65351,46987
65351,54109
65351,59599
65351,45503
65351,55315
65351,61013
65351,57401
65351,43899
65351,59471
65351,64533
65351,62039
65351,64567
65351,57789
65351,57629
65351,59379
65351,64965
65351,65353
65351,63899
65351,59203
65351,58975
65351,62443
65351,55133
65351,64765
65351,55235
65351,64981
65351,57903
65351,59803
65351,64225
65351,65051
65351,64985
65351,63981
65351,64595
65351,65425
64325,59287
64325,65425
59203,64721
59203,59313
59203,59471
64321,57485
64321,58727
64321,65213
64321,47403
64321,54389
64321,53571
64321,57537
64321,57903
64321,59203
64321,46987
64321,64597
64321,63411
64321,53967
64321,55133
64321,58605
64321,61701
64321,65351
57153,65425
63295,62519
47933,65425
47933,64597
60213,62685
63283,64257
57137,64965
57137,60733
61227,59511
42795,58803
42795,63405
42795,63469
42795,64493
42795,60421
42795,41945
42795,29257
42795,64017
42795,62077
56105,65425
65317,59417
65317,53079
65317,58777
65317,65351
65317,58657
65317,59511
65317,65037
65317,65425
65317,50887
65317,59243
65317,59379
65317,64493
65317,59401
65317,57535
65317,46855
65317,44329
65317,59471
65317,63303
65317,64985
65317,61103
65317,64325
61217,55735
61217,65317
61217,58727
65313,63899
53023,36621
53023,65351
53023,64569
53023,58109
53023,50887
53023,58777
53023,46987
53023,65175
53023,62039
53023,60157
53023,63899
53023,52713
53023,64185
53023,58685
53023,59599
53023,57347
53023,55133
53023,55235
53023,42415
53023,62405
53023,60575
53023,42485
53023,57641
53023,46855
53023,42829
53023,62077
53023,62141
53023,57471
53023,65149
64285,61143
57115,58685
57115,58777
57115,58047
57115,52713
57115,59803
64283,44975
64283,42125
64283,61701
64283,57627
64283,64189
64283,47277
64283,61143
64283,64285
63249,55315
63249,27009
63249,57759
58127,55161
58127,43899
58127,58401
58127,58707
58127,64685
58127,58403
58127,57789
58127,47933
58127,54389
58127,61013
58127,59239
58127,63759
58127,44727
58127,58781
58127,64965
58127,42869
58127,53897
58127,53795
58127,59353
58127,58093
58127,58917
58127,54109
58127,58839
58127,43201
58127,61103
58127,53967
58127,57401
58127,58109
58127,64257
58127,59019
58127,62443
58127,64985
58127,49365
58127,57137
36621,56389
36621,49365
36621,59313
46855,43905
46855,63571
46855,59471
46855,57401
46855,65425
60167,65351
60167,52191
60167,64567
60167,61701
60167,53023
60167,59011
60167,63409
60167,53571
60167,59493
60167,64781
60167,63411
60167,65317
60167,65051
60167,55235
60167,57347
60167,62141
60167,65095
60167,62443
60167,64603
64257,61923
64257,65037
64257,58777
64257,58917
64257,54109
64257,64685
64257,58093
64257,42869
64257,63571
64257,64765
64257,58015
64257,65445
64257,43899
64257,60157
58111,58917
58111,64257
58111,59125
58111,58015
58111,54109
58111,53967
58111,61013
58111,58521
58111,65425
15103,63819
15103,55793
15103,52083
50941,64473
60157,43899
60157,61013
60157,54929
60157,54109
58109,64257
58109,54109
58109,64685
58109,58839
58109,53897
58109,43201
58109,58111
58109,59353
58109,58895
58109,42869
58109,57401
58109,61521
58109,60157
58109,43899
59133,58917
59133,65101
59133,59389
59133,62119
59133,58403
59133,63401
59133,57789
50937,64567
50937,64569
64245,65401
56053,52375
59125,54109
59125,64257
59125,53897
59125,58839
59125,58109
59125,42869
59125,59353
59125,43201
59125,43899
56051,65425
56051,56053
46831,50047
65261,46855
65261,54109
65261,55995
65261,63981
65261,65213
65261,59803
65261,65317
65261,65351
65261,30355
65261,26275
65261,65425
58093,54109
58093,64685
58093,61013
58093,58109
58093,53897
58093,58839
58093,58111
58093,59125
58093,62141
58093,63701
58093,64965
58093,59419
58093,62119
58093,60157
58093,43899
65257,64595
65257,30355
65257,65175
65257,65401
65257,58975
65257,64533
65257,58127
65257,47277
65257,59471
65257,52341
65257,42869
65257,63411
65257,64569
65257,64567
65257,65351
65257,61551
65257,58549
65257,58187
65257,63981
65257,46855
65257,55315
65257,59803
65257,62705
65257,65317
65257,58685
65257,61701
65257,57759
65257,58605
65257,63577
65257,57903
65257,65425
65257,64981
65257,58109
65257,58719
65257,58731
65257,57643
65257,59109
65257,44095
65257,50437
65257,58965
65257,57471
65257,59493
65257,33303
65257,41233
65257,52751
65257,47933
65257,58657
65257,59665
65257,53259
65257,63249
65257,58777
65257,65445
65257,53023
65257,55369
65257,63373
65257,56401
65257,52317
65257,60575
65257,64189
65257,64017
65257,56353
65257,64575
65257,59419
65257,61305
65257,57367
65257,46987
65257,59011
65257,52715
65257,52713
65257,65213
65257,52307
65257,53631
65257,49249
65257,56159
65257,56955
65257,65261
65257,64863
65257,64781
65257,64597
65257,54929
65257,57537
65257,48101
65257,63703
65257,52653
65257,65359
65257,58707
65257,47145
65257,57789
65257,58093
65257,64965
65257,62443
65257,43899
65257,59599
65257,62119
65257,65095
65257,50047
65257,53897
65257,59401
65257,63303
59113,65425
59113,54411
65253,65351
65253,55133
65253,57401
65253,62705
65253,50437
65253,50781
65253,64575
65253,53897
65253,64985
65253,32437
65253,63981
65253,64533
65253,58839
65253,55235
65253,62525
65253,65167
65253,64597
65253,65125
65253,58109
65253,63411
65253,64325
65253,63899
65253,57903
65253,59471
65253,57485
65253,59203
65253,55579
65253,52317
64225,64569
41695,65213
41695,46855
41695,64575
41695,41685
41689,58719
61143,31337
52943,47013
52943,58403
52943,61923
52943,62443
53967,58109
53967,58521
53967,58917
53967,64685
53967,43899
53967,64257
53967,61013
53967,58895
53967,58839
53967,59125
53967,57401
53967,42869
53967,59353
53967,58093
53967,58015
53967,54109
29387,35983
29387,63295
29387,55369
29387,60657
29387,64603
29387,22151
29387,54565
29387,43905
29387,65439
29387,65125
29387,61257
29387,65123
29387,63819
29387,54117
29387,64597
29387,43201
50887,53025
50887,58127
65217,57537
65217,59471
52927,59287
52927,64567
52927,65257
52927,65351
63167,63165
62141,65149
62141,59313
62141,61521
62141,58975
62141,58403
62141,64981
62141,64597
63165,36621
63165,56389
65213,46297
65213,54109
65213,61013
65213,58109
65213,42869
65213,54389
65213,63571
65213,55315
65213,63809
65213,64765
65213,55995
65213,46987
65213,58803
65213,64037
65213,52535
65213,62443
65213,64965
65213,57401
65213,59353
65213,58093
65213,61103
65213,59019
65213,53795
65213,58111
65213,64257
65213,57759
55995,55815
55995,52317
55995,64985
55995,63571
55995,47013
55995,50437
55995,63981
55995,58093
55995,59019
55995,57401
55995,54109
55995,58109
55995,54389
55995,61103
55995,53897
55995,64257
60089,64285
60089,56353
60089,63411
60089,57789
60089,61521
60089,61923
60089,65149
64185,58975
64185,46297
44727,64597
32437,65257
32437,56929
60083,64575
60083,59999
60083,47059
60083,65095
60083,65425
61103,58917
61103,54109
61103,64685
61103,61013
61103,58109
61103,53897
61103,58839
61103,59599
61103,43201
61103,58111
61103,59353
61103,53967
61103,58093
61103,65425
61103,64257
62123,59203
62123,55369
62123,47059
62123,52535
62123,47403
62123,65123
62123,62119
62123,59673
62123,60083
62123,64575
62123,65425
62121,32679
62121,64981
62121,48235
62121,32437
62121,63703
62121,58707
62121,64595
62121,63701
62121,45571
62121,58127
62121,44341
62121,57641
62121,62443
62121,62141
62121,60421
62121,29257
62121,44727
62121,59133
62121,62039
62121,61521
62121,63805
62121,61551
62121,64907
62121,65359
62121,55235
62121,61923
62121,65095
62121,59401
62121,64479
62121,58803
62121,63807
62121,63571
62121,65425
62119,64765
62119,65125
62119,50437
62119,59419
62119,65213
62119,55995
62119,58975
62119,61305
62119,58727
62119,57903
62119,53219
62119,58549
62119,64947
62119,54543
62119,61521
62119,62443
62119,47013
62119,60089
62119,58803
62119,60733
62119,63701
62119,59239
62119,62121
62119,63401
62119,64965
62119,64985
62119,65317
62119,65051
62119,64533
62119,63703
62119,58707
62119,57537
62119,58187
62119,49365
62119,64833
62119,64575
62119,56591
62119,63571
62119,58127
62119,64387
62119,48615
62119,55315
62119,63981
62119,55133
62119,59803
62119,58403
62119,52943
62119,62141
62119,54929
58015,58127
58015,58109
58015,58093
58015,54109
58015,53795
58015,64685
58015,57537
58015,65101
58015,59803
65175,52957
65175,52317
65175,52263
65175,58187
65175,64765
65175,57857
64149,64257
30355,56315
55955,65425
55955,64321
55955,62039
55955,59203
55955,63847
55955,65011
54929,52943
54929,62077
65167,65257
65167,65317
65167,65351
65167,53797
65167,58265
65167,64765
65167,62039
65167,43201
65167,58895
65167,59353
65167,57401
65167,42869
65167,53967
65167,58109
65167,64685
65167,43899
65167,58917
65167,61923
65167,57789
65167,65213
65167,63571
65167,44329
65167,63703
65167,57615
65167,58153
65167,61803
65167,59417
65167,57627
65167,57629
65167,59379
65167,59401
65167,61217
65167,59243
65167,60557
65167,65353
65167,57641
65167,57643
65167,64325
65167,63373
65167,57667
65167,64383
65167,57683
59019,58917
59019,54109
59019,61013
59019,53967
59019,64257
59019,58093
59019,53897
59019,58111
59019,59125
59019,58839
59019,43201
59019,59353
59019,58895
59019,57401
59019,61305
59019,42869
59019,60157
59019,43899
59019,61103
59019,58109
64139,57857
53897,58895
53897,43899
53897,54109
53897,64685
53897,58839
53897,53967
53897,64257
53897,59353
53897,42869
53897,58111
53897,61521
53897,63571
53897,58015
53897,49343
53897,64765
53897,65213
53897,58521
53897,60157
22151,59113
22151,44975
22151,57627
22151,32313
55943,47555
55943,41011
55943,32679
59013,54109
64133,60167
64133,63703
64133,57903
64133,65101
64133,55995
64133,59999
64133,64125
64133,57537
64133,46987
64133,60157
64133,59389
64133,54389
64133,61013
64133,64765
64133,64575
64133,57401
64133,65261
64133,52535
64133,59803
64133,59471
64133,58727
64133,64597
64133,63981
64133,55235
64133,63401
64133,63411
64133,54109
64133,64985
64133,53897
64133,63571
64133,59853
64133,57347
64133,65167
64133,50247
64133,65351
64133,52375
64133,65051
64133,65317
64133,59019
64133,42869
64133,65149
64133,59203
64133,53795
64133,63409
64133,64965
64133,52715
64133,52943
64133,65175
64133,58403
64133,54929
64133,50887
64133,58127
64133,59133
64133,58093
64133,65213
64133,59419
64133,64981
64133,49453
64133,59379
64133,65445
64133,65257
64133,63373
59011,55161
65149,62515
65149,62519
65149,59803
65149,64729
65149,65425
65149,65217
62077,64493
62077,59673
62077,64771
62077,65317
62077,63323
62077,64567
62077,46051
62077,45995
62077,46001
64125,64285
64125,56557
56955,65317
56955,64603
56955,65051
56955,64865
56955,64597
56955,65405
61049,55943
61049,64595
61049,62077
61049,59599
61049,43899
61049,17663
61049,60379
61049,50047
61049,65213
61049,59133
61049,64765
61049,55369
61049,64597
61049,64017
61049,64965
61049,65425
61049,63373
61049,56105
61049,59999
61049,59673
56941,64595
56941,65401
51815,48235
51815,64017
51815,52713
43621,31139
43621,48101
65125,63295
65125,58187
65125,58847
65125,62519
65125,59203
65125,61923
65125,63373
65123,63577
65123,65257
65123,65125
65123,63295
47713,63703
61025,47933
61025,65425
59999,64575
59999,42485
59999,59379
59999,47059
59999,52535
59999,62123
59999,63701
58975,47403
58975,57537
58975,58403
58975,43201
58975,59493
58975,46297
58975,58127
58975,62443
58975,58803
58975,61013
58975,63703
58975,64257
58975,58093
58975,63805
58975,52943
58975,61103
58975,61923
58975,64985
50781,63401
55901,63571
55901,55995
55901,57537
62039,65213
62039,41305
61013,58109
61013,59239
61013,59125
61013,58015
61013,58777
61013,54109
61013,43899
61013,53897
61013,64257
61013,43201
61013,59353
61013,54389
61013,42869
61013,65425
58965,43905
29265,64597
29265,58521
29265,52191
65101,59389
65101,64947
65101,58917
65101,60157
65101,64685
43597,60083
43597,63401
50761,64597
50761,65095
65095,59999
65095,63809
65095,47059
65095,64575
65095,62123
65095,54929
65095,55995
65095,65213
65095,58605
65095,64981
65095,64985
65095,60089
65095,57759
65095,59803
65095,63981
65095,55133
65095,55315
65095,62141
65095,52943
65095,58127
65095,57535
55879,50713
55879,51675
55879,21691
55879,53697
55879,64965
29253,41689
29253,52307
29253,21681
29253,55577
29253,63283
29253,32929
29253,28963
29253,42085
29253,52341
29253,61883
29253,65065
23099,58731
64059,64479
32313,63167
47673,59493
52789,65425
52789,64603
57903,44095
57903,58719
57903,55943
57903,62525
57903,58847
57903,59133
57903,58685
57903,64597
57903,57759
57903,63759
57903,62077
57903,41945
57903,61013
57903,51987
57903,64575
57903,64965
57903,51675
57903,57641
57903,51037
57903,59673
47661,55419
57899,58605
57899,65213
49705,63981
49705,64595
65065,48105
65065,47673
65065,55511
65065,53025
65065,63819
65065,65101
65065,61551
65065,65213
65065,47661
65065,57137
65065,26831
65065,64597
65065,65037
65065,35755
65065,56759
58917,54109
58917,43899
58917,58109
58917,58093
58917,53897
58917,59125
58917,58839
58917,53795
58917,42869
58917,59353
58917,43201
58917,61521
58917,60157
58917,61013
58917,65425
53797,44727
53797,58015
53797,61227
53797,47933
53797,46297
53797,63571
53797,58265
53797,64765
53797,58521
53797,43899
53797,58917
53797,61013
53797,54109
53797,58111
53797,59353
53797,59125
53797,61103
53797,43201
53797,42869
53797,53795
53797,54389
53797,57401
53797,53897
53797,58093
53797,64257
53797,58109
53797,53967
53797,65101
53797,58975
53797,58839
53797,58895
53797,59019
64037,53631
64037,61701
53795,54109
53795,65037
53795,59353
53795,42869
53795,61305
53795,59019
53795,62119
53795,59125
53795,43899
53795,60157
53795,53967
53795,53897
53795,58093
53795,61013
53795,61103
53795,58111
53795,64257
53795,58109
53795,57401
34333,46039
34333,65425
53787,65405
53787,58685
53787,56955
53787,64985
65051,62141
65051,65317
65051,47059
65051,47403
65051,64863
65051,61217
65051,64385
65051,57777
65051,64383
65051,61923
65051,55795
65051,64493
65051,53023
65051,57629
65051,59287
65051,57643
65051,61551
65051,59401
65051,63981
65051,59243
65051,41233
65051,64325
65051,57641
65051,59379
65051,59803
65051,56591
65051,54929
65051,65101
65051,58109
65051,58093
65051,46855
65051,57903
65051,44329
65051,59203
65051,65261
33303,65425
64017,62077
64017,65317
64017,64321
64017,57471
64017,64257
64017,59353
64017,58895
52751,65261
58895,58917
58895,58521
58895,54109
58895,64685
58895,61013
58895,64257
58895,58093
58895,58111
58895,53795
58895,42869
65037,55161
65037,58127
55815,47331
55815,63591
55815,56929
55815,63809
55815,65353
55815,64669
55815,59803
55815,61207
45571,65353
45571,41233
45571,45503
45571,57485
45571,57537
45571,45527
57857,61883
48627,43597
48627,64721
65011,64321
65011,64597
65011,62077
55793,52707
55793,55795
55793,40833
63981,47439
63981,61305
63981,59011
63981,57367
63981,50887
63981,27039
63981,49453
63981,59313
63981,59109
63981,60089
63981,64325
63981,64569
63981,63409
63981,64567
63981,46855
63981,49343
63981,62123
63981,46987
63981,59419
63981,64185
63981,59599
63981,61923
63981,55133
63981,63703
63981,65213
63981,58975
63981,64765
63981,63571
63981,55315
63981,53967
63981,54389
63981,53897
63981,54109
63981,52713
63981,58605
63981,58781
63981,61521
63981,63249
63981,58401
52715,58777
52715,65167
52715,52713
52715,53897
52715,55235
52713,55337
58855,60379
61923,61521
61923,47013
61923,32489
61923,63819
61923,63703
61923,62119
61923,65425
61923,59239
51675,65425
51675,65175
64985,59011
64985,53023
58839,64257
58839,61013
58839,53795
58839,42869
58839,61521
58839,54389
64981,64985
64981,34287
64981,56631
64981,49343
64981,43597
64981,56147
64981,50201
64981,58127
64981,61701
64981,58975
56785,57471
56785,64865
56785,58919
59853,65261
59853,64385
59853,52317
59853,65253
59853,65257
59853,63405
59853,58109
59853,54109
59853,59599
59853,56591
59853,61305
59853,53797
59853,58265
59853,53967
59853,59013
59853,42203
59853,57401
59853,60089
59853,53795
59853,59113
59853,65149
59853,58781
59853,64985
59853,64981
59853,55315
59853,27163
59853,63703
59853,57485
32203,41233
32203,65353
64965,62121
64965,59353
64965,54929
64965,55815
47555,59599
47555,61103
53697,42125
53697,61701
57789,61521
57789,62121
57789,61013
57789,62119
57789,59313
57789,65425
57789,64985
57789,43201
57789,64981
57789,61923
57789,63701
57789,54543
61883,57759
61883,57535
61883,57903
55735,50047
55735,65353
55735,41233
55735,64133
55735,65317
55735,65051
55735,61701
55735,65351
56759,17623
56759,57485
56759,57537
56759,31697
33205,65425
58803,61521
64947,49771
57777,65401
57777,60557
57777,50047
57777,41233
57777,65353
57777,63577
57777,53165
57777,59243
52653,61049
52653,51037
52653,62039
52653,50541
52653,64283
52653,57485
21933,42203
63911,65095
63911,62123
63911,60083
63911,64575
63911,59673
63911,59999
63911,47059
63911,54929
63911,48263
63911,64257
63911,63409
63911,63805
59813,62077
59813,65257
59813,65425
59813,59133
59813,47437
59813,65213
59813,59471
59813,57485
59813,65401
59813,57777
59813,59203
59813,63981
64931,58127
64931,54109
64931,42545
64931,50437
64931,61217
64931,53797
64931,58093
64931,64981
64931,61521
64931,65149
64931,64833
64931,53897
64931,53795
64931,65051
64931,54389
64931,59599
64931,57401
64931,58839
64931,65317
64931,58109
64931,43201
64931,58975
64931,58111
64931,57759
64931,59803
64931,63981
64931,65213
64931,55133
64931,58917
64931,62443
64931,65167
64931,53967
64931,53023
64931,65037
64931,63703
64931,65351
64931,59133
64931,57789
64931,58707
64931,52943
64931,54543
64931,62141
64931,54929
64931,58403
64931,63401
64931,60089
64931,60733
64931,63571
64931,62119
64931,63759
57759,64595
57759,65253
57759,48153
57759,47661
57759,62119
57759,63981
57759,58605
57759,46855
57759,55815
57759,64139
57759,64493
57759,63167
57759,65261
57759,50071
57759,55627
57759,52317
57759,46831
57759,55369
57759,42203
57759,46303
57759,60167
57759,60089
57759,62705
57759,57253
57759,59239
57759,57857
57759,53023
57759,59387
57759,64383
57759,64257
57759,54109
57759,53897
57759,55995
57759,59471
57759,57537
57759,62039
57759,65125
57759,55315
57759,59011
57759,47439
57759,64185
57759,59353
57759,43899
57759,59599
57759,59125
57759,58127
57759,42869
57759,65011
57759,65425
57759,65037
57759,55943
57759,59419
58781,59353
58781,58707
58781,58109
58781,47555
58781,59125
58781,58111
58781,58015
58781,58917
58781,54109
58781,64685
58781,61013
58781,53967
58781,64257
58781,53897
58781,58839
58781,61103
58781,43201
58781,53795
58781,53797
58781,65213
58781,62119
58781,43899
58781,58093
58781,59019
58781,57401
59803,63981
59803,48153
59803,64595
59803,65125
59803,55133
59803,52713
59803,58605
59803,46855
59803,57759
59803,54109
59803,53897
59803,64257
59803,55995
59803,59471
59803,57537
59803,62039
59803,62525
59803,59599
59803,59125
59803,42869
59803,58093
63899,58719
63899,44341
63899,62525
63899,58847
63899,57903
63899,65401
63899,65213
63899,59599
63899,65149
63899,59133
63899,45437
63899,65353
63899,59471
55705,65425
58777,57903
58777,55955
64907,52535
64907,65425
33161,58719
33161,65425
33161,17633
33161,64833
33161,64863
44419,58975
44419,60557
59779,64017
59779,59353
59779,58895
53631,64387
53631,58727
61803,65425
61803,63405
58731,45463
58727,47403
58727,63981
63847,57537
63847,59313
63847,47439
63847,53897
63847,53967
63847,59125
63847,53795
63847,59019
63847,65175
63847,64765
63847,65351
63847,60379
63847,60733
63847,59599
63847,62141
63847,58839
63847,53797
63847,65101
63847,58777
63847,46987
63847,46093
63847,64569
63847,55995
63847,52713
63847,65051
63847,57903
63847,42155
63847,32437
63847,58727
63847,58557
63847,56591
63847,65149
63847,64533
63847,65167
63847,59673
63847,52535
63847,47059
63847,65095
63847,63911
63847,62123
63847,58707
63847,57535
63847,57641
63847,63373
63847,58401
63847,63571
63847,58731
63847,59113
63847,58855
63847,53213
63847,59419
63847,52751
63847,65257
63847,64017
63847,59999
63847,63981
63847,64981
63847,46855
63847,44095
63847,52341
63847,61305
63847,55315
63847,59011
63847,64387
63847,65317
63847,63411
63847,58549
63847,59567
63847,59471
63847,59203
63847,62525
63847,41233
63847,47403
63847,64185
63847,53219
63847,63323
63847,57485
63847,64257
63847,55133
63847,53631
63847,63409
63847,58919
63847,62077
63847,49365
63847,63591
63847,61387
63847,52715
63847,55235
63847,50437
63847,45503
63847,65125
63847,48627
63847,48235
63847,64575
63847,52307
63847,64189
63847,59803
63847,57759
63847,36621
63847,63819
64865,60557
64865,59779
64865,64017
64865,64815
64865,32477
64865,52653
64865,45995
64865,49249
64865,51105
64865,55233
64865,50941
64865,50797
64865,5021
64865,58669
64865,53165
64865,63543
64865,55609
64865,21059
64865,33161
64865,41691
64865,20243
64865,35047
64865,31697
64865,30983
64865,21727
64865,47331
64865,35983
64865,62105
64865,27039
64865,47661
64865,54117
64865,65353
64865,59401
64865,36575
64865,56631
64865,63405
64865,63809
64865,63547
64865,21929
64865,56675
64865,58731
64865,61803
64865,31139
64865,43155
64865,40833
64865,55897
64865,25841
64865,59679
64865,46051
64865,49355
64865,56605
64865,55511
64865,26587
64865,62349
64865,42829
64865,47673
64865,63577
64865,61883
64865,50793
64865,61193
64865,41945
64865,55419
64865,46093
64865,56401
64865,51815
64865,58965
64865,32203
64865,17623
64865,32489
64865,58919
64865,23099
64865,32625
64865,27163
64865,43029
64865,46039
64865,29531
64865,17633
64865,32679
64865,27183
64865,52359
64865,34333
64865,21681
64865,52317
64865,25941
64865,61781
64865,57153
64865,41695
64865,60213
64865,62705
64865,37023
64865,62685
64865,31977
64865,65175
64865,51675
64865,64595
64865,49705
64865,52263
64865,64793
64865,60379
64865,64567
64865,59243
64865,46019
64865,59853
64865,50713
64865,44095
64865,64721
64865,55369
64865,55579
64865,59417
64865,60525
64865,61217
64865,52751
64865,63819
64865,64225
64865,52707
64865,60657
64865,63593
64865,52083
64865,27035
64865,63839
64865,53631
64865,64597
64865,47439
64865,59313
64865,49771
64865,53259
64865,47437
64865,49365
64865,58549
64865,56759
64865,57537
64865,36621
64865,58855
64865,57085
64865,64387
64865,59665
64865,65217
64865,60083
64865,57485
64865,48627
64865,50887
64865,64907
64865,49343
64865,41911
64865,55815
64865,19969
64865,63165
64865,41305
64865,48615
64865,58187
64865,47277
64865,5005
64865,61387
64865,63303
64865,52341
64865,49453
64865,52243
64865,65037
64865,51037
64865,57777
64865,45571
64865,55161
64865,45463
64865,57627
64865,30439
64865,32727
64865,57899
64865,64493
64865,65313
64865,64781
64865,63615
64865,57857
64865,56159
64865,65401
64865,50071
64865,63591
64865,62379
64865,55795
64865,28607
64865,64139
64865,36615
64865,54215
64865,44117
64865,55793
64865,55371
64865,55601
64865,57643
64865,64059
64865,53697
64865,61717
64865,55415
64865,57253
64865,57475
64865,52957
64865,55705
64865,63613
64865,15627
64865,61551
64865,61207
64865,59939
64865,56389
64865,44329
64865,56147
64865,64729
64865,43899
64865,65213
64865,64863
64865,57429
64863,63899
64863,64597
64863,59511
64863,58605
64863,64603
61781,60557
61781,62519
25941,63373
57683,58895
58707,63703
58707,63409
58707,54543
58707,65213
58707,57789
58707,60089
58707,63805
58707,60733
58707,58657
47439,64225
47437,63899
47437,62039
47437,42203
47437,47277
47437,41685
47437,65125
63819,55369
63819,60657
63819,63839
63819,55795
63819,52083
63819,55793
55627,32437
53571,55161
53571,63409
53571,65425
53571,64533
64833,64863
64833,63809
64833,57401
64833,59243
64833,59679
64833,58153
64833,64387
63809,50437
63809,57899
63809,65425
63807,63701
63807,65213
63807,58917
63807,53967
63807,58093
63807,53897
63807,59599
63807,43201
63807,58895
63807,59019
63807,42869
63807,57401
63807,53795
63807,53797
63807,58109
63807,59133
63807,64965
63807,57789
63807,63981
63807,55315
63807,55161
63807,65037
63807,62443
63807,52943
63807,59203
63807,59471
63807,57485
63807,57537
63807,58727
63807,60089
63807,64931
63807,63759
63807,60733
63807,58401
63807,62141
63807,58803
63807,58707
63807,63703
63807,61923
63807,61521
63807,54543
58685,64597
58685,57347
58685,64603
58685,57759
58685,50047
58685,52317
58685,65317
58685,65253
58685,55579
58685,59853
58685,43597
58685,65167
58685,65051
58685,64781
58685,52789
58685,63981
58685,65011
58685,55133
58685,65213
58685,64865
58685,64321
60733,62141
60733,58803
60733,64965
60733,65425
63805,35487
63805,63469
63805,57627
63805,55955
63805,63807
63805,32477
63805,63571
63805,60733
63805,55901
63805,57485
63805,61521
63805,58657
63805,65425
55609,59379
56631,61883
56631,63577
56631,64833
52535,64575
52535,65095
52535,62119
52535,47059
52535,63911
52535,64965
52535,54929
52535,60083
52535,65425
52535,60089
44341,59471
44341,55235
44341,58657
50483,65425
50483,62077
55601,48101
55601,57759
55601,62515
64815,61049
64815,65257
64815,65123
64815,65213
64815,65351
64815,62077
64815,59203
64815,59813
64815,57903
64815,64383
64815,63899
64815,26275
64815,49827
64815,34385
64815,43899
64815,64603
58669,59599
57643,51083
47403,45493
47403,64185
47403,64985
54565,61883
28963,64793
28963,47147
58657,64931
58657,64407
58657,64285
58657,56251
58657,65167
58657,64125
58657,65095
59679,56631
57629,61217
57629,61701
56605,59803
56605,64833
56605,63283
56605,62077
56605,64771
56605,52715
56605,60089
56605,64533
56605,58401
56605,55235
56605,56631
56605,65425
56605,65351
56605,64985
56605,56159
56605,64815
57627,61701
55579,52317
55579,65257
55579,59853
55579,41689
55579,62077
55579,64493
55579,63759
55579,42085
55579,43905
55579,46039
55579,64595
55579,64387
55579,50437
55579,65175
64793,64479
64793,65217
64793,60167
59673,59999
59673,65101
59673,64575
59673,60083
59673,52535
59673,65095
59673,47059
59673,47013
59673,59389
62741,57471
62741,64595
61717,62515
21779,64603
21779,64833
21779,32489
21779,64863
41233,42829
41233,65353
41233,51083
41233,42545
41233,41037
41233,47403
41233,47331
41233,57667
41233,32679
41233,47437
41233,52713
41233,53787
41233,45493
41233,50887
41233,42155
41233,49249
41233,55369
41233,64721
41233,63899
41233,57537
41233,57485
41233,62705
41233,44341
41233,50437
41233,64597
41233,61701
41233,58719
41233,64833
41233,57903
41233,58727
41233,55579
41233,62039
41233,65425
59665,63819
59665,52083
59665,65101
56591,53031
56591,56589
56591,26831
56591,58719
56591,58685
56591,55955
56591,65317
56591,59803
56591,54109
56591,53897
54543,53897
54543,63703
54543,58187
54543,61521
54543,62121
54543,58803
54543,59939
54543,58975
54543,59313
63759,63405
63759,65313
63759,65051
63759,57115
63759,47933
63759,50047
63759,52715
63759,57641
63759,47403
63759,58605
63759,47439
63759,59243
63759,64567
63759,52713
63759,59679
63759,55943
63759,47555
63759,57485
63759,57537
63759,47277
63759,59673
63759,64575
63759,61025
63759,19569
63759,63701
63759,46297
63759,59665
63759,59471
63759,65149
63759,59803
63759,55133
63759,63411
63759,57759
63759,46987
63759,63409
63759,52751
63759,49365
63759,53571
63759,59401
63759,59999
63759,58707
63759,57789
63759,61923
63759,63981
63759,62141
63759,52943
63759,60089
63759,54929
63759,62119
63759,62443
63759,60733
63759,58975
63759,54109
63759,59313
63759,58403
63759,64685
63759,54389
63759,65317
63759,41911
63759,64283
57615,65257
57615,63899
57615,64833
57615,64595
57615,63577
57615,57777
64781,65317
64781,32257
64781,64017
55559,47331
55559,48101
55559,65317
55559,52191
55559,65051
55559,64597
50437,20827
50437,65425
61701,54389
61701,46987
61701,58727
61701,64567
61701,65213
61701,57347
61701,57759
61701,58605
61701,65261
61701,65051
61701,55995
61701,63411
61701,62525
61701,59803
61701,57903
61701,59541
61701,64569
61701,64985
61701,57537
61701,65351
61701,59019
64771,53165
64771,65011
64771,58403
64771,57347
64771,55815
64771,65359
64771,58685
64771,64597
64771,57777
64771,63809
64771,65445
64771,58605
64771,64965
64771,62341
64765,50937
64765,63401
64765,58917
64765,43899
64765,65101
64765,64833
64765,64685
64765,53795
64765,59019
64765,43201
64765,58109
64765,64595
64765,65261
64765,63571
62705,64533
62705,61143
62705,62443
62705,32727
62705,56315
62705,53165
62705,57429
62705,53797
62705,57777
60657,55793
60657,55955
60657,65425
60657,55795
58605,65213
58605,59511
58605,65425
58605,65051
58605,64493
56557,65425
31977,55235
35047,55955
17639,55415
46303,64597
46303,63323
62685,65425
64729,64721
64729,64603
64729,63899
63703,57789
63703,60421
63703,63805
63703,60089
63703,63759
63703,62141
63703,52943
63703,54929
63703,60733
63703,58657
63703,58093
63703,61521
63703,34773
63703,65425
63703,62525
63703,57485
63703,62077
63703,63409
63703,55133
63703,63411
63703,59011
63703,63165
63703,59313
63703,65051
63703,49365
63703,44727
63703,59133
63703,64965
63703,65213
63703,64985
55511,58685
55511,65401
49365,61387
49365,65425
49365,59313
63701,63703
63701,64931
63701,58803
63701,46039
63701,54543
63701,61521
63701,58707
64721,57903
64721,55705
64721,65439
57551,65425
57551,57759
59599,58777
59599,58917
59599,54109
59599,43899
59599,64685
59599,61013
59599,64257
59599,58093
59599,58839
59599,58111
59599,59125
59599,58895
59599,59019
59599,59353
59599,53795
59599,42869
59599,57401
59599,58781
59599,61521
59599,53797
59599,61305
59599,65213
59599,58127
59599,53967
59599,58109
59599,53897
49355,49353
49353,64533
49353,64721
49353,65401
49353,64597
57537,57485
57537,63543
57537,32477
57537,63405
57537,64387
57537,56237
43201,54109
43201,42869
43201,53795
43201,58839
43201,61305
43201,54929
43201,53967
43201,43899
43201,59599
43201,58111
43201,58093
43201,64257
43201,53897
49343,58109
49343,55903
49343,50541
49343,58521
49343,58657
49343,63295
49343,64685
49343,59019
49343,64387
49343,61701
49343,64595
49343,58839
49343,62705
49343,64721
49343,56147
49343,63303
49343,57367
49343,51815
49343,63703
49343,65217
49343,59125
49343,55901
49343,50437
49343,55579
49343,32313
49343,55161
49343,59389
49343,63819
49343,47437
49343,64771
57535,55995
57535,58605
58557,46001
58557,41685
58557,52957
58557,53213
58549,64985
58549,53571
58549,58605
45235,64865
45235,64597
45235,58685
45235,50047
45235,64603
45235,55235
59567,58719
59567,58657
47277,51037
47277,64603
47277,64597
64685,58917
64685,54109
64685,43899
64685,58839
64685,58111
64685,43201
64685,53795
64685,59019
64685,53797
64685,61013
64685,60157
64685,65425
32929,63899
60575,57115
60575,61595
60575,63911
60575,60089
64669,35755
64669,50713
64669,58919
64669,20969
64669,64037
64669,65425
64669,63847
31901,56353
31901,56159
31901,65445
61595,58803
61595,53697
61595,61521
61595,64185
61595,47437
61595,57537
61595,41911
61595,58707
61595,45443
61595,58777
61595,60421
61595,47439
61595,63911
61595,63591
61595,65217
61595,42287
61595,47555
61595,32257
61595,62077
58521,58917
58521,64685
58521,60157
58521,43899
58521,61013
52375,59379
33943,59419
33943,59013
33943,42869
33943,59353
33943,65425
59541,64603
59541,58685
59541,59419
59541,57347
59541,53571
59541,63411
59541,65051
59541,65261
59541,55315
59541,57759
59541,65167
59541,63981
59541,59803
59541,65317
59541,46855
59541,64383
59541,56591
59541,65125
59541,46039
59541,64865
59541,64597
59541,64771
43155,65425
43155,64567
57485,63165
60557,47145
60557,42829
60557,50047
60557,41233
60557,65353
60557,59779
60557,64017
52359,64771
57475,64985
57475,64981
57475,65445
57475,54929
63615,65425
63615,65213
57471,63295
57471,58549
57471,44095
57471,65123
57471,65125
57471,58685
63613,55793
63613,63615
55419,65351
55419,64965
55419,64771
55419,65051
55419,65317
55419,55315
55419,62443
55419,58605
55419,58657
55419,36621
55419,49365
55419,65425
55415,55903
59511,56591
59511,55955
59511,58657
59511,65037
54389,54109
54389,43899
54389,42869
54389,64765
54389,59125
54389,53967
54389,58917
54389,60157
54389,59353
54389,43201
54389,53897
54389,59599
54389,61103
54389,58111
54389,58093
54389,64257
54389,58109
54389,57401
54389,58781
54389,53795
54389,59019
54389,65425
54389,64685
52341,64479
52341,64473
52341,64793
19569,55419
61551,53025
61551,64863
61551,59287
61551,36615
61551,46019
61551,50887
61551,49705
61551,64833
61551,63899
61551,65425
60525,55609
63593,50201
63593,63461
63591,57759
63591,60167
63591,61207
63591,65351
63591,64479
63591,52341
63591,44095
63591,64225
63591,64567
63591,64603
61543,58727
61543,55315
61543,59803
61543,65261
61543,63981
59493,62123
59493,55995
59493,58719
14433,58731
14433,20827
49249,65095
49249,61049
